"","spending","visits","clicks","time_on_site"
"1",-713.226973300232,-159.471277298213,-281.346613951133,147.679255562084
"2",104.682304469826,-124.365892312677,-49.2237925764819,297.387575825526
"3",4617.30648649431,242.321305587908,1039.08779591623,141.68216567566
"4",891.292204613566,40.3090303281292,185.421181796109,493.845529408615
"5",993.036007155792,-290.747021569942,246.822585896897,284.82717502123
"6",4985.75951819122,410.063407161123,1288.27629442673,126.946336780704
"7",1834.37155851788,142.576128786577,416.378347889837,-111.378592817066
"8",-2504.06810792717,230.136377914949,-724.402340488768,121.263778820792
"9",-1014.12972711005,60.0711468404628,-268.059289283792,659.203770426563
"10",-415.739159435067,-68.2820495171737,-123.300786627708,137.847515773787
"11",3758.25710824839,594.644985254066,863.138688604522,82.8001388294284
"12",1603.85761847943,491.488371730341,256.990896717237,380.589500555569
"13",1719.57792977306,-70.5232229563686,398.547651390978,338.258624968587
"14",980.818739952467,129.499813326899,235.633917247781,400.325811318255
"15",-701.931553742658,-49.0547104527604,-252.156100756594,194.404982968933
"16",5152.58685696927,299.551302617946,1253.63285141983,474.530843251934
"17",1941.99013971227,144.087291778289,407.362025155749,15.4782279603981
"18",-4210.34255184252,-372.493209380372,-1085.01996063665,240.224646405268
"19",2432.59614685517,177.652028929419,542.482902741561,109.171932556409
"20",-485.664696696683,235.79570487386,-202.728423025962,386.151727603437
"21",-1950.21391976375,-106.450563827228,-551.808791331918,276.001352280427
"22",152.897111529572,-0.0566038300704221,-40.4045874105492,471.941616354027
"23",-1878.97953411999,117.54952484884,-560.803638414739,661.700173796269
"24",-1127.74697659636,84.6640700342202,-361.353864869083,278.131106344997
"25",-840.305198715902,-258.919183054537,-281.057150022062,143.076669560324
"26",-3505.73239763175,-128.838687586095,-933.808562178085,85.2966546962593
"27",2819.20112723794,386.219993416698,710.23808389037,197.393203553871
"28",1086.21475173452,267.310328718244,137.958307100148,236.079632727924
"29",-2137.13684060006,-33.4738925925013,-611.316538160114,648.360382944115
"30",3823.36816442785,307.697778129546,925.210482057746,24.1780914524463
"31",1778.26796707064,-64.262902021814,464.641183595152,31.3565126950236
"32",-47.8053783244627,55.1344839893584,-53.1189587393947,168.406661936444
"33",2909.40284251864,28.2678567043327,668.765867329369,367.511892699663
"34",2897.89357814629,95.6441564080581,643.455584228333,414.222371947481
"35",2792.86972844835,283.68215093383,644.203584228844,68.4130601516307
"36",2437.61892204169,-23.0850038742487,589.853054822376,275.407721269918
"37",2108.0992016429,156.608261814427,447.00561793369,241.421404420485
"38",552.397838020059,102.227521703926,79.4932512318768,489.041294085153
"39",-77.0778029161164,19.4423428100586,-70.3798476302288,467.838447300411
"40",-255.222319633162,257.54755993041,-91.3304939222564,187.543861113096
"41",-1042.23240943752,-179.966998365599,-268.622841474086,259.198753332384
"42",170.832809355361,108.868576848534,-5.99025791526769,380.544522680309
"43",-2449.40753324207,-120.624823389127,-684.681253307524,-80.6985273193932
"44",6098.44264329897,284.602981530565,1535.330634947,187.945806903991
"45",3737.23231840473,265.968022527457,873.202954820898,364.974576800496
"46",-2090.48840828386,-233.244655596169,-513.050265562419,145.353569123976
"47",-331.184535429065,-184.243732724961,-144.8991549429,238.016359730362
"48",-453.848544100036,-77.5592417705816,-150.963447804827,245.798492913259
"49",2698.51732888768,392.741640757802,520.173769247937,105.269357136738
"50",480.433024181595,47.3859351367742,52.2747353882363,51.1040327643218
"51",1350.19436981505,128.065630001248,267.234344248677,210.026553000374
"52",612.989074715854,19.8531263065566,54.2410070362333,180.594435438583
"53",615.038085135766,110.510175312121,31.4113199718125,416.819013132291
"54",4126.50220443468,87.8401494794068,1012.78439263663,555.976442498985
"55",168.610843684294,183.886092112201,14.6010706593437,247.615524126671
"56",4461.99709650311,321.417561987482,992.857528026139,329.734398498309
"57",-3172.90796829806,-256.497495705616,-836.751562897171,235.916937218854
"58",2150.99587056766,130.714173118188,419.756327524789,370.271968776226
"59",1005.69031223001,165.768207210454,134.855241093806,293.69909245576
"60",1227.26234700621,155.075033580641,271.234102878301,297.319100372042
"61",1632.42183528901,304.925697567749,312.973476720274,472.583025523201
"62",-544.234185280927,-98.6087173239418,-154.278159087203,52.5157701209091
"63",-154.770073455089,164.608203209978,-96.3284348396203,539.572802625099
"64",-1816.7578391366,67.7947985033846,-499.802165652644,319.822482435966
"65",-2003.20219789522,-106.721541775847,-586.050851441544,286.164402142439
"66",1460.84318653855,-48.6886568195317,242.144334130482,137.951629773884
"67",1831.1842323101,-46.454104395154,435.868723693529,217.224481683494
"68",844.245273608113,120.715702453609,155.031216284701,324.736960886089
"69",2999.63373642202,155.325690764042,674.463779452101,-162.742851479684
"70",5826.80175397443,555.334959062596,1394.76469484425,129.695610232382
"71",-508.352632105145,63.5404187124017,-130.599061655372,367.198322461162
"72",-5102.05150744356,-290.718391977991,-1368.13887900651,191.103642729645
"73",3198.711516925,32.1414007681861,701.116155565751,89.8944909031474
"74",-1066.59386016965,-120.186329767534,-364.231229249363,122.861093773002
"75",-1028.91718073513,12.0032979472066,-399.254948702592,297.149806482809
"76",3291.32850412117,115.065570624156,791.963512935624,-76.9664769695017
"77",1.53255963957452,86.3955909509205,-58.3646470696682,424.245848116441
"78",-2350.35094558804,-149.397041335586,-642.589971448188,-183.78693488719
"79",1123.10355302214,57.8845477374172,221.147307125835,149.332095536888
"80",353.293598408913,-69.6327744979764,-2.31512359560838,92.5635042053027
"81",708.082147385777,317.426625124704,72.4316854986182,0.2799580903162
"82",1661.15407254541,144.727092546647,393.39307086859,34.4185319774092
"83",-250.281264022137,35.9562056958719,-192.971753516263,300.01547072112
"84",2320.91453217368,-106.313669518915,534.750289922541,226.045193756824
"85",128.004466646983,114.810045709562,-67.4346836746033,189.829473509428
"86",1524.93047016039,-51.8345569536975,331.479238174584,-214.152755116371
"87",3449.7260494624,62.2918562340668,758.489857108835,-14.8641422991572
"88",1772.28341130425,232.965450297256,355.821347636925,223.738577507459
"89",-103.169135714466,-54.1195387025556,-5.23894510566616,74.392969397388
"90",3545.6888380947,-51.1711668940586,861.418892478609,90.6462139377983
"91",3127.56414632609,421.974557379775,623.695058762542,459.90814259954
"92",2080.29175858589,-214.287349616444,459.06872049756,285.117669703468
"93",1313.64013431782,160.035081069272,236.616687631789,41.231075672246
"94",-875.482098570256,113.926635366924,-339.272606913491,156.260796999557
"95",4111.71364641685,131.746054733776,970.897074852815,193.019303689826
"96",-823.767298369491,37.1677388042267,-258.663966165986,113.940963752979
"97",6165.78951040493,384.89487850147,1460.65779200696,57.1892779010871
"98",4492.69619794216,387.26356968118,1166.51681973262,239.639183599921
"99",134.372720077578,88.3113694257935,-149.747227778626,398.238943903953
"100",-1828.85403353609,-112.586341611301,-489.602093327813,295.370400713459
"101",-1054.53616404261,89.4380676492169,-348.455265835192,209.970597456848
"102",1341.66233356305,194.197593555934,303.3779887518,327.564048953765
"103",82.6036969985476,-111.956149586808,-66.8823090709176,408.783673410299
"104",-199.177850957355,-189.553065684119,-136.907352745838,221.897208350327
"105",-1663.23871128477,-46.5134653090821,-570.280587860366,341.161039789175
"106",583.216004363864,6.01680193035939,71.3852505807879,20.8854185828072
"107",-1275.39603214991,-186.088534440856,-256.628003342818,200.069862366226
"108",-3498.09535732351,-146.742446941412,-882.978599961117,165.940344901192
"109",-256.561550652332,-182.327828744137,-43.8629673885101,289.132900712008
"110",2980.51029995158,187.446265318264,730.121146578681,321.463902768597
"111",-746.308016927537,-109.408344581918,-192.378716232152,225.276404200532
"112",2195.55880580731,259.998538665076,535.121522115601,96.7571554420397
"113",-3310.954981064,187.193141226469,-877.407071092472,64.0571566430563
"114",560.775035644492,-85.1823398067183,46.1473328473125,305.704122120416
"115",2020.0169114041,262.998884424949,407.98276559849,521.367370455084
"116",1400.84941201163,203.165132158399,218.178851535432,92.572881014061
"117",955.126528772462,53.3823328658677,175.75673564909,173.040265540561
"118",-915.274666595282,-93.5987434061541,-245.473471398025,316.136112050389
"119",-1448.71938867127,164.33003570305,-369.469088444685,139.075909987434
"120",-1829.3897934278,-358.780193378689,-525.3238589053,274.314462964091
"121",965.810854354925,-25.3414461855971,156.147742326483,240.480776604328
"122",-1662.31873025384,-269.592408885189,-317.645761699575,94.7496818866635
"123",-509.464883540077,184.024200989867,-159.764125750396,416.288250227662
"124",63.3333232727424,-8.71000459506089,20.9711451200523,419.261567444594
"125",5292.14990353061,207.028782728272,1245.52972123676,454.82790133144
"126",-911.051438104163,414.272488657354,-299.366569912391,503.599317236475
"127",1291.87819234896,72.4181040313392,279.546962563372,148.727642415485
"128",873.632165781636,-2.37979746584945,242.551646574734,157.103620698339
"129",-1732.40256627736,-28.2509442472058,-506.734123604137,302.243600098348
"130",563.464133380866,-178.492957671145,108.113229511904,376.016195310325
"131",4297.80708315,299.211227277008,908.103554798582,182.074768755019
"132",1791.64869961968,92.9751584837065,366.827311470428,165.331038319904
"133",813.747492237423,120.747632403338,71.1701224074218,126.34569448907
"134",-350.037475727844,-140.343993073753,-98.3923843444105,546.440378145349
"135",-4460.19474056574,-349.873640593276,-1181.50216787684,-251.633270408295
"136",3489.4839052638,94.3390988181061,797.567054283523,216.484393243224
"137",-2953.92622765523,-240.098549098592,-734.445052018085,257.642575410707
"138",2572.65670302753,324.360434195369,628.280837210335,38.0780794012861
"139",5485.48140374735,509.718324805318,1258.28867058755,327.085178964128
"140",-2919.59165091274,-152.451518546944,-771.039901226892,-143.417536762021
"141",2437.77707380509,87.4719234399836,487.192981183582,440.993772222384
"142",49.9276116288409,-28.8401224343421,-77.6541820871014,-82.6721169741192
"143",-3227.2133309194,-136.824912993764,-791.761217608582,-190.546976019405
"144",-3074.07489952052,-125.766864004571,-764.160886047072,97.2872348415943
"145",-3311.75639294226,-109.587207409644,-835.509170710779,282.416078782464
"146",-609.279224361695,-120.898367017764,-250.361770672956,119.686567047167
"147",-2971.00519303647,-251.284942559332,-897.668814136215,138.142600944476
"148",2413.18103843717,303.58046954643,481.163073908684,316.640995011556
"149",5965.0886417887,235.705787011244,1470.19591405992,38.2198157023097
"150",-2497.7767579154,-68.4524121728343,-708.922441830241,232.830090847905
"151",2630.57702465888,140.491481201931,494.206372393587,349.586598585879
"152",2624.7494106426,12.03136522402,581.642026239746,576.797931341722
"153",1542.68202760999,174.273989686376,388.138572900052,345.890376248039
"154",-1849.95800696233,-51.8123937456123,-488.061948147153,592.952598433352
"155",410.980995420858,231.038094040919,-5.72080632063278,340.632006705943
"156",-17.5518233335527,31.3949249514975,-142.542917084655,249.351774634928
"157",2127.87889329449,73.9572855044406,420.54109698096,-201.306971249879
"158",-220.32724961752,42.4064433497723,-121.047838998817,5.06828961387123
"159",3157.81451261396,6.13884247075512,765.012051724116,186.207475252355
"160",-234.037757831794,-113.84777469598,-221.110043843896,392.454091170756
"161",3349.05163263148,253.027188356937,819.104753750789,185.497285364366
"162",-1895.33222609887,-127.784052004611,-545.46274283689,358.729724250967
"163",-2411.06315158617,-116.753938084109,-649.108079493529,37.2377296322519
"164",8802.03193626103,438.998952548728,2052.98718117726,195.174056529889
"165",-387.124992207728,-93.178965148488,-183.868711606379,293.40120649543
"166",1446.19949894367,-195.337963328949,273.980535249671,178.122856366878
"167",2295.53540925362,178.408105078954,560.050613686607,272.56633899663
"168",-512.558471214747,96.1569528569673,-140.954188698194,115.850394789348
"169",2003.52088319956,-65.8125174098164,454.793300658422,324.869044651901
"170",1642.624877753,303.656946507341,420.813438696873,233.789021497749
"171",151.18908229241,76.9991118610012,-50.3833772633267,240.590130669374
"172",857.350677270166,245.991270489806,201.435005642018,-139.757417289229
"173",622.788709829847,-88.2622726912284,86.9109649239241,115.266283744252
"174",6010.12527271067,339.405867746618,1406.91533207629,-47.9288169796496
"175",-1151.51489301231,-56.6689662855367,-307.166058253976,-71.1436115240608
"176",-2079.22481966437,20.5915070791157,-505.94265037919,151.223379830953
"177",772.073003499745,-25.8967896113922,177.530270291167,217.840326450879
"178",1449.64676409576,87.3964196070476,278.580295630847,306.720045160124
"179",1774.23622334091,-144.446845960379,359.337792611109,468.252530060064
"180",-459.779422336377,-116.162668590758,-107.594540604141,338.880059384517
"181",-1950.66923207705,-65.4110230332835,-536.937513411107,452.414068151695
"182",3877.60520027418,109.013138076835,940.969434021987,144.737942473093
"183",-188.673640465638,0.193973492198452,-125.466591654187,188.431965362243
"184",-1483.718936281,-123.698744181203,-367.893792335126,467.03377688525
"185",88.4673004674685,105.435272944972,-78.112487836295,250.241436787621
"186",198.768489601346,188.94137643137,18.0326420754864,-86.0489431366748
"187",3470.02014292105,73.5898384211519,762.84143279262,80.6888961815751
"188",921.515581169757,17.6070433213876,39.8320567939594,451.518411966547
"189",2578.70796611794,345.823299319829,514.135740206342,127.852548464508
"190",-589.799828307852,-320.260757732252,-195.242750772155,316.688826555424
"191",1234.284588443,32.0283728539972,288.174455969792,252.844539136129
"192",-87.9710425140557,298.472860843714,-180.493798836512,150.728478530067
"193",960.290845804135,368.925550690692,106.543481662506,179.842721518724
"194",-1554.18765930608,-39.9970744781718,-361.374798907189,328.344109571619
"195",-2607.95936419268,-234.755444751906,-730.945925821146,291.915765778449
"196",5742.19467170722,322.815711822157,1383.54337206401,496.934027979833
"197",2198.52362033146,33.7001875264695,459.096248726395,210.036043113013
"198",-2430.12742906447,96.9854993176898,-686.973745273165,65.3583915946635
"199",-819.503307927089,-139.303311383479,-267.616487595001,283.180620315889
"200",-2295.98100062566,-45.9773872454391,-630.376960733369,391.066910648836
"201",6182.46148998547,411.630304050082,1474.62845750022,706.393391145399
"202",3950.22359297798,108.00019955677,906.768286013757,157.263397379253
"203",23.2754659789056,136.070323323822,-208.108704925157,184.729285618347
"204",2060.36213674031,13.1890614757283,542.929062036741,426.49864207959
"205",-363.144058956888,86.4410826616998,-59.4412570371354,506.257225300893
"206",-478.8175829516,144.00176680755,-242.708396220698,118.263628679005
"207",-1265.72021404926,-186.957363864929,-391.2821497619,382.914090988883
"208",-804.62746916119,130.792147304705,-192.87202692657,136.968497191532
"209",4831.79516718935,187.828831447349,1191.73166823804,57.5643459515523
"210",579.891310536276,84.4559587454955,140.062502758888,374.672180380051
"211",1019.3349961342,93.1629006738758,130.94092685925,271.299554440214
"212",1304.9616084248,20.6534346125382,391.168048309331,327.866175628444
"213",3779.31696033512,241.593886610357,823.62442606482,133.89930065561
"214",-591.893860061589,-186.768308427435,-174.844077246323,608.995591185353
"215",-1752.43864085899,-93.1225559048997,-503.253169972739,383.057601809541
"216",4911.74376885353,375.072832983523,1137.12506685389,175.119514869593
"217",-386.220010908073,-309.522853005265,-184.697800474854,390.549786202092
"218",-1113.4117408465,-248.69291247264,-391.486071838971,7.09712322126444
"219",-2383.2179685249,-267.205397923988,-581.537709514218,222.449974610155
"220",-2503.72349917008,-333.062022470085,-688.471665060485,530.671579736105
"221",-755.767164130754,36.9949405892419,-235.772527100523,212.232137679131
"222",2210.39845260991,-11.7617418200254,506.722777382132,432.09807439911
"223",3487.45694787733,-114.305574579841,784.896549178031,205.615599962018
"224",2438.38467396536,49.1889171181855,495.54165890949,-209.605280061245
"225",-209.109568968447,-50.1460973433794,-104.599495200335,73.9574908867807
"226",854.379799888468,177.418708502011,42.6617383674291,294.547137806994
"227",-1050.21381139406,-192.599856999845,-401.301136941824,539.310542186801
"228",-1089.25687918473,122.928225606666,-392.081185730675,131.319574999833
"229",2896.96917131636,216.35209256012,608.972618726957,305.19580227651
"230",-1819.25412931095,-26.2197702564668,-519.385920798861,57.0361421040866
"231",5623.00758906929,175.058151842528,1411.98310584903,46.7087517332401
"232",491.82459126388,312.223553939994,-22.2159534319056,94.5366713166355
"233",1197.47404854656,53.8194368350503,265.770567673091,523.812413466716
"234",-1118.32773814087,-297.801624877413,-306.602577796181,438.06201798218
"235",-737.0928433319,-50.3384922153581,-298.469541216487,368.73303146354
"236",-2582.04204517672,-385.449186440642,-715.7750527669,473.092510687295
"237",255.127193785603,-16.3370897567252,36.8521773981483,165.115000653299
"238",1745.52229084703,43.2610201690114,359.08854795042,401.915387378624
"239",1509.25559645048,185.99419967665,301.655997738302,291.92585557431
"240",-1233.45807625026,93.6374051214048,-363.073964848689,40.1798150374365
"241",-1257.32288868528,-150.232441442912,-385.889394450415,83.7875555436514
"242",-535.691550936267,100.080401779646,-231.656843461249,260.010586383829
"243",4487.81020852048,436.412819084421,1038.10716768092,291.126012299309
"244",-2129.97073439048,-201.943113261189,-506.672773296767,185.728316267804
"245",256.51863719721,-63.7180606074314,41.7761874926774,50.7017512426926
"246",5411.69189198581,378.904198551381,1253.24628490795,-168.178388097831
"247",501.397066742901,63.0048551260499,-15.3551844470712,335.04709588822
"248",-2709.25529598941,-43.1515935154746,-757.899551922501,190.945658172581
"249",-914.428893883248,163.559621827401,-239.04216199889,359.832176636256
"250",1921.1428186223,164.874134103805,428.046442736397,-59.1783626500329
"251",-208.238575196498,150.287818865831,-159.827056635641,-0.667187062488495
"252",-706.885115297982,66.9722192834843,-197.060998827713,227.733625065606
"253",-149.563670227186,67.7172003071823,-111.616790766432,-32.5627071263406
"254",930.520777440898,115.36390223822,110.526479497442,-146.590770144142
"255",4692.5495138771,430.598859017359,1132.12760467673,406.719081566713
"256",476.17934316034,-101.387021336852,130.853945422138,430.173867949907
"257",3422.25542709568,30.3743549368904,807.22310000134,44.0072715990994
"258",2272.85612618699,211.71670493193,513.821340838551,195.588546286681
"259",375.146611345832,19.0384600830965,6.16290888780917,23.2054189657492
"260",-3136.17279220309,-131.25202072543,-819.643825263147,313.285383350597
"261",-591.997481770575,88.6391681099308,-269.226850214844,244.064339799602
"262",-512.347018519157,94.2275000565614,-278.826484435591,76.1079098081267
"263",830.217438253367,19.120433624542,137.303882051267,95.1564912207629
"264",3916.65466374967,168.768693048758,920.894498251811,37.5837613143606
"265",6440.07227573796,346.938676989988,1661.42713524457,337.274852438509
"266",4588.30983165836,392.270122874235,1016.42079647026,364.20176956282
"267",392.654162806992,92.9989975939426,35.3259634618619,325.294978883177
"268",-3695.81771431498,31.0551270705425,-947.576967542414,81.4220605168046
"269",-278.387511903015,0.333355132235994,-80.4577728390454,-107.233925647054
"270",952.774814320797,218.744367615067,165.218290187843,356.175132630894
"271",2779.173949253,279.246949050844,600.970320470685,214.588210521136
"272",3097.58332167241,256.007680586544,708.29077770917,242.121530005701
"273",2419.92281512831,193.596777626043,634.681192982148,456.425596974677
"274",-2820.54134980629,-163.592829324886,-737.909518215875,71.29683311968
"275",2829.70017133202,140.940129420477,538.803049892943,478.803065137003
"276",-378.835760647012,26.2957173457826,-97.9253038345015,167.361700957414
"277",1136.92553733441,78.694782215257,246.276820646539,107.362435648797
"278",880.808862435065,191.370322720788,154.915897141708,208.850771236487
"279",1779.91514670694,88.2164483752128,376.711047051061,328.003945768569
"280",756.106013649604,43.2316038309716,117.932378276667,208.556870948855
"281",-3452.41973648258,-226.239059457401,-919.343961943277,69.8985558904283
"282",2559.3286212226,122.694909600614,545.116631331551,193.675144241844
"283",1665.12025409879,88.6261311211713,365.117167801548,-258.386220227596
"284",12.3370936494496,-307.129461505696,-102.600067039926,148.297663625511
"285",968.99686306752,-126.308373729169,193.847663167913,341.193243507805
"286",1023.23666610805,56.6066632777837,249.116024388612,216.148045093583
"287",1268.4962814135,40.4877050890954,273.597473533316,387.665544452245
"288",4762.95131145058,86.9840647981447,1187.21633755848,347.196486794892
"289",114.64754949166,-256.196642012707,-81.4499249235533,379.129349271118
"290",1107.08786321644,21.3964821977024,217.780504151541,381.208989005096
"291",3628.84757963234,287.537391330835,871.102435804286,-97.7161522748532
"292",3317.181237479,430.026036391974,715.46289622391,250.831936003689
"293",3580.89275669282,187.773937678237,904.080160840646,576.013466921365
"294",-737.002603245788,186.862377555436,-302.657901211486,153.902954591116
"295",5702.7940333673,311.933443355639,1369.77764185831,340.560488484113
"296",883.128740056093,74.5121034626112,159.279660849118,278.678746195987
"297",5374.89691502354,328.832024457182,1282.86591804013,361.402445037604
"298",-2686.17541562102,-240.743650090368,-744.835407951368,195.593976565897
"299",757.081264573957,45.382398488996,145.611580828709,120.3401406968
"300",3837.73669458259,333.421999202067,839.638382260887,264.392168873129
"301",-1080.97980115975,-144.366883562156,-401.494576425409,291.562966140683
"302",-1194.88262470334,-89.1109708115323,-393.159037041751,212.933542063227
"303",-1629.24271491595,-228.005243015157,-479.452894946698,256.288133005289
"304",-1908.22447383567,-31.9548524144325,-484.983408568858,332.270386738156
"305",-387.37334182013,54.8270278869133,-83.8520012445221,94.7632219075074
"306",1530.8300256467,182.166025791244,332.961056226601,477.935531439612
"307",-4337.0387464174,-372.549716652456,-1129.80198006579,690.152054149318
"308",1273.17940035679,91.5104590372034,230.30552667571,545.441065746968
"309",3797.21392668414,72.4163039710929,885.324558213008,159.116429858486
"310",5790.76916502709,304.642901459811,1313.25646834518,-114.577453806489
"311",3902.78162445752,400.614347825925,937.731681570155,260.839591421919
"312",2560.63127418929,74.1033053036966,556.206548257789,426.054644120814
"313",-3618.37946179804,-65.5056349578557,-952.472560791429,405.621339587133
"314",-799.640889120093,-130.141940272565,-283.240759461964,4.05064505765145
"315",-174.57869227931,-60.9997565358698,-143.109822105958,27.3702978513176
"316",2475.23989250121,199.361532926738,538.746870382957,276.748926975527
"317",431.938616804155,-58.2846346145733,25.6101707159556,375.216269075371
"318",-2422.32979426078,-345.746155427882,-621.926482145489,424.586332771092
"319",4892.65894937789,437.678044441631,1173.23272168068,413.278395787791
"320",2954.30937508105,214.373924777674,701.244128680137,56.4049016067022
"321",1268.99595767649,-2.03073761703433,196.351241016852,-12.5210112399971
"322",3760.11746629826,-76.9074539355576,946.158966935033,-152.503955591857
"323",-2648.59411693422,148.962582091531,-718.76540746382,350.986539545563
"324",2367.84710291091,607.254452201741,480.198615948463,415.622313153885
"325",-612.635069214697,13.6832099905862,-201.367902923548,317.170137765009
"326",2397.52596258253,254.441120882906,580.862652648939,38.1751107977374
"327",540.578061847284,213.835699357873,2.80242142237555,563.543349989869
"328",2245.34944609379,30.8674684335261,590.105794146185,175.970675127322
"329",4015.4017324402,167.772229744508,936.796974153202,605.807672299139
"330",689.384532865078,-190.885683840715,170.614845480494,360.280401016115
"331",3264.98303781974,74.0738771009495,749.587214049504,488.062129017105
"332",-2283.0316896972,-11.4168847894414,-649.392414195823,316.120445258881
"333",-1088.22190403423,-80.9007935482238,-432.748777603853,237.069554380024
"334",4528.37409050429,209.912599137892,1004.50245868825,47.4903863253571
"335",1639.63443637762,81.4151594176389,343.800468144084,138.297161961728
"336",-4424.87947295728,-467.441230103601,-1131.24663551522,240.578432744715
"337",-2745.11498059386,-3.23649071786303,-836.607340259213,306.414813597009
"338",181.674065476801,-177.186631399599,53.2839208730114,243.356157533781
"339",2865.57280782388,129.02260280362,721.061650924204,214.405602181317
"340",451.273598778667,-24.1342916526391,-10.8428476175611,286.697103388412
"341",2245.28071770565,97.4202996427138,523.732198122563,145.125591480497
"342",3151.2106244541,374.270904486488,657.69640044968,142.812508732098
"343",4868.4692693755,177.393465099716,1148.14926910492,-41.1409403312048
"344",841.326704320006,-52.6315717402952,191.443595239185,419.254294053601
"345",583.041071890823,-169.249297564751,120.928291021877,259.386473600305
"346",-3683.61377055115,-281.952401318359,-1028.23207964559,233.27515331453
"347",935.447637479026,-100.849909770505,152.747923581114,101.816277045017
"348",-708.719031459642,35.631210237816,-296.214464734585,200.445227219519
"349",-1702.71305054608,-192.571792291614,-481.778806257311,32.6434288597406
"350",249.640542960153,70.0776060229965,-80.3951526264013,40.1405295294502
"351",3248.60327876721,156.368048294248,612.873210887218,-133.790354341319
"352",-4283.81947169151,-399.792266273585,-1061.97719133672,446.339754529687
"353",-347.869113659528,-114.095000901856,-43.3759088536567,275.19281642906
"354",968.469861071569,188.495404155913,160.14662522725,26.6447248891138
"355",-1486.60172065749,64.7797057767703,-410.199606929601,482.757320749181
"356",1522.6867312923,372.518126214491,318.31419987653,374.918336673824
"357",1699.39781325056,100.927496900997,440.859390370631,398.476454916933
"358",610.391245266159,-163.545273866999,117.059597080974,204.845886611436
"359",-5461.81131471717,-365.815658002126,-1421.00317284421,165.425598682868
"360",7161.1177888202,428.620658910951,1627.20451857836,230.389419598701
"361",204.976049864928,290.356679701736,35.835748122263,330.938131247516
"362",2330.83237261009,146.80043748002,499.453120239951,409.982921328223
"363",1356.62655711161,243.874966897554,210.929552662091,567.893829991386
"364",3244.36233215243,285.61553700921,740.330938515802,148.185919172546
"365",2740.88291729063,-11.3253962996657,614.69824599419,46.8870503697037
"366",226.57759419794,-0.179917720643783,31.8396116154898,270.171733122086
"367",1608.2148790369,280.007586614739,287.985056017117,854.420837058077
"368",-1640.90098477281,54.4773514529413,-508.762700818355,164.276830983259
"369",2831.76284210362,222.046836181906,719.982878231232,479.136243556952
"370",-419.276029211137,59.1662019922188,-110.21567336422,201.380358082981
"371",6719.14937167106,283.29992719421,1678.64407331275,154.291352447225
"372",-3424.74977452721,-341.095055829212,-838.829362537723,107.916575558489
"373",-481.959126249092,173.361205345631,-169.790477862265,207.751074456479
"374",2781.51998542534,-45.6582459884647,596.768229881038,578.356894175087
"375",2005.00695697142,-17.6788603989832,456.593044892336,310.369344112688
"376",-734.688176159478,64.3699691384026,-205.489492780579,347.465824643057
"377",-1775.99984236702,-251.304829690484,-392.306300306149,417.747158486452
"378",1098.0545868683,-9.20239476935376,102.048198808626,664.3483025772
"379",689.159945255949,-117.380357595411,114.71965192402,405.123768415906
"380",-3778.34059139663,-86.8922565759545,-976.186044146555,-35.4222705903868
"381",795.918412600322,116.802705721065,128.864484190638,43.2977329067709
"382",1156.13590500162,132.842646519873,151.00283488353,-67.8910227183651
"383",1133.11194906658,133.785867723119,256.279042717963,-319.709353978757
"384",-1913.12333233973,-3.86272583228372,-588.339938689872,508.146785558521
"385",1901.15887862622,199.026568663701,432.876373880669,151.255225143518
"386",4155.57248903061,-53.291350814486,1016.98392090042,328.994135541203
"387",1819.82838715579,86.195259807095,459.345602511112,486.323570628783
"388",-2151.06144054254,-76.2036250395268,-677.635983853243,147.633461083906
"389",-404.405794504834,96.9989846591982,-108.191326148485,223.006470267556
"390",1573.16496628429,-72.9850981965391,288.465694373703,320.051235904891
"391",-937.424230905004,-100.824730489011,-358.854493266366,295.175844363525
"392",-4682.87500973621,-370.015810582072,-1172.81292608858,95.1369500823793
"393",2888.29872183185,308.544982282881,719.969761180879,396.163122001318
"394",-1337.12341989859,125.385460196242,-420.552670650574,359.127105648493
"395",-724.688849931145,88.5797077042572,-210.49813391826,192.310140815702
"396",4445.73145026627,66.8511025647882,1006.92159355668,5.52381782819947
"397",-1230.54140536349,16.5051801424559,-381.39215995598,376.666719113717
"398",2807.27978648868,316.77932861699,633.896050930266,535.503931183
"399",-2444.28423785175,-84.0736225492427,-691.963801986935,526.103498677871
"400",-181.485353309738,-73.573106989683,-74.884065096374,424.526913359068
"401",495.827668705575,-111.251056077649,140.893864814498,153.372986269546
"402",-2237.45483863728,-189.223819431466,-643.195693404167,143.73061610189
"403",-880.878788577482,70.7352367192938,-288.350588185855,132.46304868282
"404",660.677155854245,-14.0377481695092,173.811896878078,167.660426202499
"405",2398.43226200824,165.703087683354,512.732881932379,391.837124250677
"406",-3438.85770803513,24.974093465704,-1051.79349817105,301.279350707131
"407",-157.867139995221,87.2476117643151,-82.8972101846462,-121.27211726096
"408",2590.04472930858,335.604994224481,538.430623535364,-122.117525962891
"409",-640.996626909613,-255.572317369656,-276.682645286192,245.43318125313
"410",1273.43703399709,39.1168110491868,323.098291724831,279.987749456208
"411",1982.08042043555,120.638093986961,540.042756641031,-211.494868407058
"412",1345.88176211746,164.481877741652,225.407757512125,86.7105548375786
"413",2335.16259585871,-32.0317170801331,569.837308752951,255.512230339337
"414",357.628801797198,147.527297140448,28.5996949706558,542.357183035295
"415",-322.394565521125,41.3250464637116,-141.457448034053,-152.573745664457
"416",-5885.94021063802,-243.460777098962,-1480.85625994529,-1.08885559639558
"417",496.560698623343,109.570243514772,62.5955893723833,33.9386305563553
"418",1737.20883586323,87.4954054622192,336.359667531954,285.07921572977
"419",2046.75249211426,246.501308898395,421.103831805451,316.167844282851
"420",-656.328479255456,71.3423744082521,-202.742206805839,185.862153739921
"421",5140.47695717703,251.408551338416,1105.39195201647,-72.4657375899972
"422",1411.81803843042,231.455835161301,343.777481360439,123.889516627136
"423",1015.05890170312,106.747698199826,110.589906595192,137.902802668823
"424",3887.96732369996,302.65854335509,906.263290308743,209.483743116596
"425",-1082.86235578323,-122.993147492298,-348.559337204135,574.577036226335
"426",-399.49014213755,214.96812918744,-106.808165651728,114.645893912401
"427",6691.72144831551,349.123107797223,1617.85026578393,265.252881027738
"428",731.748528961669,170.089136047698,122.052698758316,108.920331674618
"429",4833.68101106519,240.179739051062,1165.88705382312,1.9544301912162
"430",-2887.64463372401,-168.961517591599,-830.417380881098,377.18957957372
"431",227.483057079343,136.006754083838,-18.8679440801322,39.8742640694506
"432",1619.21489658641,-124.54334228816,405.394160463408,797.041837924439
"433",1450.15348396694,154.476078841889,331.697771802616,268.512587565443
"434",-1818.51717184043,-20.6052402195806,-582.297497531899,262.050715215735
"435",747.927269967239,-324.938702349261,153.934865011401,236.690957797828
"436",-2005.05998560538,-33.1047556443418,-632.267389425175,618.729108008012
"437",2468.02200006185,-164.490568973045,525.524038091693,382.785422080721
"438",3397.52225201521,277.969498997562,848.530450355754,199.801871250406
"439",-4866.75933152653,-291.671384734293,-1393.16956907693,16.7620386778329
"440",3816.59630871093,107.170527254633,793.357704393548,42.2544478565112
"441",-2381.62950949004,-106.089044545234,-600.584176863986,93.002138932538
"442",1829.72367009772,299.073444920588,353.491153911513,492.989686195662
"443",2316.03826626575,43.5425989573209,584.624499768076,212.203684845819
"444",183.383761175698,103.14823264015,-23.343652601201,98.5602754640349
"445",-921.94010281429,17.1228569715888,-271.807439119224,408.411895576055
"446",1115.37531318969,-94.4674804245617,253.989582757743,519.036003804434
"447",1783.79460627212,-138.890744837449,351.701094478531,111.093703185737
"448",2948.3906636884,-118.549155479892,646.83471631061,161.013491191525
"449",-4436.28781044325,-129.36373338224,-1193.465473421,319.056837344757
"450",-3415.22705955235,-159.41129712176,-771.932828735772,249.031112692807
"451",4273.18061782481,487.88033115401,1010.30881669749,331.273294296955
"452",3296.464566147,261.14312104577,787.783050600271,592.839705154286
"453",1791.34548641471,223.368543365025,365.017916020254,237.922689175807
"454",2492.61869005945,326.211002835776,544.896972311682,193.859546493151
"455",3000.04904633508,94.5461909900291,752.172056968493,347.082892178891
"456",-5984.74416134669,-211.201639856222,-1570.02093251792,240.131094052008
"457",3480.10696741646,310.415694914034,804.9300005373,375.553012306557
"458",-506.259989794979,181.085786750133,-174.2691396444,205.205769715949
"459",1248.11990762791,185.598264314592,232.549331892607,338.704542880221
"460",-18.7871894143349,72.0658791147794,23.4795822566159,-62.7481415135784
"461",2895.59580277875,37.4442526418718,583.555115688156,252.780731660678
"462",-125.188735165938,108.579394414626,-7.23063160497553,146.756802543263
"463",1999.39347446813,184.850192874591,416.485259236196,11.8914848964943
"464",-275.777776047088,89.9594131890951,-66.3221293068874,167.386158432594
"465",-2030.03630607212,-27.2880947575723,-672.950876238815,324.398989084582
"466",3726.42160071867,172.993987545632,914.060600096588,268.468592804093
"467",2515.28057267893,131.851275628522,616.884070295265,388.696752504225
"468",4977.23305671829,361.763755753969,1124.10305089478,438.179848630709
"469",861.334052112434,82.1726525418486,112.305013937583,415.692805945572
"470",3500.8855169591,74.4101428227433,822.80295841612,185.10216470493
"471",5639.64236554884,256.305104979591,1401.82868020177,-15.6312396114112
"472",-45.929455062627,-169.862865764582,-104.226287100788,193.933006017528
"473",-2637.35174697857,-250.75335546805,-728.050745424675,483.931087302163
"474",79.5914133759346,-0.164495711236967,38.9726172875442,225.704727018386
"475",184.618064457747,-228.493712890662,-80.1431370334392,-77.4583302090236
"476",1057.2314611315,-167.435883379156,252.190014354168,348.276644573955
"477",4964.77216422668,418.397250085962,1202.6290202863,306.363862138674
"478",-113.762254889889,-71.4946359527701,-149.130659243659,169.879328961563
"479",1626.05671227579,-162.611260161594,309.734517769383,284.672300571201
"480",133.718181334531,5.73863836800211,6.86133495540287,523.877533909067
"481",797.228010953495,237.506035976641,135.229664463752,509.839218751368
"482",1462.65208534049,181.972809509133,377.540953564788,158.740621290908
"483",4014.42734729427,277.820484774133,910.044986918537,252.132972371611
"484",992.96075473207,230.889224905525,100.099601112762,-40.8178289868482
"485",2512.35370861443,31.095088249764,607.917796343359,104.449334806251
"486",2631.76037600103,249.513990512227,566.356437693003,651.648079493036
"487",2985.29143906357,82.1546726479139,687.750320625899,549.60193710219
"488",-720.243708174504,-21.692332932296,-163.04450442265,204.149054943373
"489",4746.03122476772,563.385296481952,1114.28005625611,111.506970939445
"490",-219.288331920192,138.101222987545,-50.6201956889093,-23.3246594336804
"491",449.054829185106,144.298058964191,-10.9720872777171,675.210370752739
"492",4188.64153709482,70.3403758097291,1033.80697912717,272.925944967695
"493",3944.30132154511,101.687459468938,931.142401934537,131.210218126577
"494",-2029.24582389276,233.527323185219,-608.083497224596,465.613467590251
"495",-1476.41292560377,-212.195982008446,-499.669822205397,30.0828334282171
"496",-2696.99715236685,-89.7327698814166,-734.967228926909,395.31283952129
"497",1176.02830228515,197.690847426669,236.412733510099,538.17406044772
"498",1085.0801620821,213.231224617724,226.897883300775,207.965968075667
"499",1599.83438444374,247.990017448076,364.414480708492,540.256188776674
"500",2075.41047199129,96.1816556933897,432.074293087763,378.31028628185
