ClientID,IncomeEstimate,ClosedAccount,AccountBalance,ClientAge,YearsActive,Sex,IsLoyalMember,CreditRating,HasCreditCard,LastName,Geography
15570629.09,7103.6,Yes,2422.31,73,2.973704793,Male,No,618,Yes,Alexeyeva,France
15591123.06,5783.44,No,2255.57,68,1.836464079,Male,No,472,No,Iredale,France
15569976.19,6628.15,Yes,4131.63,66,3.089673651,Male,Yes,701,No,Woronoff,France
15589147.1,6371.9,Yes,4497.75,62,2.119014183,Male,Yes,405,No,Frolov,France
15575935.18,7638.33,No,5743.51,59,1.019581558,Male,Yes,563,No,Baxter,France
15571221.11,5297.56,Yes,3163.7,59,0.971351409,Male,Yes,363,Yes,Bergamaschi,France
15578602.88,6103.83,No,1581.86,54,1.037615314,Male,No,440,No,Alexeieva,France
15589793.24,6769.05,No,4142.94,53,0.970053677,Male,Yes,685,No,Onwuamaeze,France
15573627.99,6112.77,Yes,4633.44,51,2.861351078,Male,Yes,396,Yes,Greene,France
15578864.95,5772.32,No,4220.18,51,3.016988568,Male,Yes,791,No,Palerma,France
15591285.85,8248.37,Yes,3389.71,50,2.828029608,Male,No,691,Yes,Simmons,France
15583725.03,6750.26,No,2964.5,48,3.028210566,Male,No,518,No,Mairinger,France
15583597.04,5991.5,Yes,3349.58,48,1.781215832,Male,No,368,No,Ikedinachukwu,France
15583548.07,6313.66,No,2690.17,47,1.965458007,Male,No,698,No,Harrison,France
15589431.04,6228.45,Yes,4070.99,47,1.128876763,Male,Yes,606,Yes,Pedder,France
15582713.89,5555.13,Yes,2509.28,47,2.937388256,Male,No,556,No,Napolitani,France
15568747.93,8391.49,Yes,3428.08,46,2.152171389,Male,No,721,Yes,Poole,France
15576824.11,3777.13,No,811.6,45,0.989316837,Male,No,518,Yes,Kennedy,France
15580956.04,6468.33,No,2777.94,44,1.998301136,Male,No,722,Yes,McNess,France
15567382.84,5914.67,No,2040.05,44,1.826660098,Male,No,387,Yes,Slone,France
15582033.28,5806.13,Yes,3713.11,44,1.770428958,Male,Yes,484,No,Manfrin,France
15591723.98,5524.56,Yes,1695.15,44,1.968508974,Male,No,394,Yes,Liu,France
15570932.04,4633.47,No,2222.65,44,1.896059803,Male,No,727,No,Pirozzi,France
15578296.91,6238.65,No,1600,43,1.016491891,Male,Yes,418,No,Ebelegbulam,France
15586263.87,5591.69,Yes,2566.17,43,2.991956283,Male,No,768,No,Murray,France
15567367.08,4740.53,No,2569.06,43,2.894174528,Male,No,396,No,Tao,France
15581870.84,6374.68,Yes,2409.74,42,2.086712216,Male,No,794,No,Butler,France
15580462.06,6497.62,Yes,4445.27,40,2.907990296,Male,Yes,349,No,Corby,France
15576064.93,5004.5,No,2364.03,40,2.051516462,Male,No,691,Yes,Sims,France
15589666.01,6481.47,Yes,2301.36,39,1.018177258,Male,No,376,No,Sorokina,France
15577423.09,6356.81,No,3800.25,39,3.066137661,Male,Yes,623,No,Mosley,France
15576215.98,6753.11,Yes,4659.33,37,2.104732383,Male,Yes,575,No,Chienezie,France
15584619.93,6716.76,No,5093.56,37,2.054258094,Male,Yes,701,Yes,Su,France
15591508.99,6556.75,No,3962.76,37,2.039944948,Male,Yes,395,Yes,Milano,France
15579207.04,4996.51,No,1468.25,37,0.890687662,Male,No,613,Yes,Watkins,France
15578374.03,6328.89,Yes,2258.87,36,3.00473585,Male,No,487,No,Gilroy,France
15590268.11,6169.64,Yes,4408.05,36,1.973759122,Male,Yes,377,No,Chu,France
15570134.09,6037.86,No,2337.73,36,1.990178906,Male,No,654,No,Padovano,France
15584477.12,4127.6,No,2151.25,36,3.08931022,Male,No,622,Yes,K?,France
15587420.91,7325.27,No,3127.82,35,2.838485076,Male,No,573,No,Tsai,France
15585286.95,6342.25,No,2714.47,35,2.8145317,Male,No,392,No,Sal,France
15582148.99,5332.91,No,2115.94,35,2.19725824,Male,No,443,Yes,Ts'ui,France
15580493,9622.8,Yes,6522.84,34,2.920913528,Male,Yes,735,No,Chin,France
15570140.77,7603.66,Yes,5604.96,34,2.035426272,Male,Yes,651,No,P'eng,France
15586028.88,6961.9,No,4614.76,34,3.024568698,Male,Yes,601,No,Davis,France
15567893.07,6406.85,No,5122.33,34,2.886395397,Male,Yes,502,No,Lei,France
15586752.03,5972.15,Yes,4006.38,34,1.964259599,Male,Yes,726,Yes,Parkes,France
15578307.04,7007.47,No,2654.73,33,1.874739295,Male,No,654,No,Lucchese,France
15589358.12,6499.99,No,2541.61,32,1.967716028,Male,No,624,Yes,Stanley,France
15589659.83,5467.8,Yes,1024.21,32,1.934369666,Male,No,591,Yes,Lamble,France
15590683.02,5451.11,Yes,100,32,1.006707167,Male,No,571,Yes,Donaldson,France
15570989.97,7530.89,Yes,3175.97,31,2.928723264,Male,No,761,No,Begley,France
15570299.04,6995.31,No,4451.04,31,1.843592883,Male,Yes,719,Yes,Martin,France
15565779.01,6746.93,Yes,4407.29,31,2.885186355,Male,Yes,462,No,Kent,France
15588839.06,6612.37,Yes,1544.2,31,0.970505253,Male,No,624,Yes,Mancini,France
15580146,4775.01,No,3114.75,31,2.973573597,Male,Yes,304,Yes,Hung,France
15588985.95,6407.2,Yes,4994.67,30,2.092641742,Male,Yes,584,Yes,Grant,France
15579433.13,5364.2,Yes,2487.52,30,1.104635001,Male,No,380,No,Pugh,France
15590198.93,7724.36,Yes,2260.38,29,1.097743314,Male,No,791,Yes,Temple,France
15570907.93,7529.52,No,4792.87,29,2.853639232,Male,Yes,510,Yes,Harding,France
15589017.99,5062.1,Yes,2003.18,29,1.94528018,Male,Yes,391,No,Padilla,France
15585747.95,6264.61,No,2545.47,28,2.00279295,Male,No,680,No,McDonald,France
15567078.16,7685.51,No,5611.29,27,0.956452034,Male,Yes,760,Yes,Kovaleva,France
15590819.92,6006.8,Yes,4383.91,26,0.921910375,Male,Yes,569,No,Ecuyer,France
15570680.91,6905.46,No,3267.54,25,0.895370529,Male,No,660,No,Chiang,France
15590875.95,5085.09,No,3036.99,24,3.046773787,Male,No,534,No,Knupp,France
15571301.86,2577.83,Yes,558.07,73,3.110006605,Male,No,786,Yes,Estep,Germany
15591107.04,7968.42,No,2676.84,68,5.220821787,Male,No,641,Yes,Flemming,Germany
15568594.94,6782.65,No,2561.4,65,5.076243961,Male,No,786,Yes,Fleming,Germany
15588943.86,7601.19,Yes,4537.91,63,5.012376514,Male,Yes,629,No,Maughan,Germany
15570835.18,9026.02,Yes,2751.98,58,4.860515039,Male,No,705,No,Fallaci,Germany
15566632.77,7420.15,Yes,4007.61,56,5.062556346,Male,Yes,707,No,Freeman,Germany
15571777.97,7262.07,Yes,1662.98,56,4.925036352,Male,No,652,No,Trentini,Germany
15577805.86,5064.09,No,2430.95,55,4.931989601,Male,No,765,No,Chiu,Germany
15579891.08,7657.02,No,4404.96,53,4.106020445,Male,Yes,711,No,Milani,Germany
15574212.93,6235.05,Yes,2153.09,53,2.965518349,Male,No,703,Yes,Wilson,Germany
15568024.96,7576.24,Yes,1440.22,52,2.995273723,Male,No,700,No,Hsueh,Germany
15586585.06,5896.06,Yes,3478.76,51,3.917804401,Male,Yes,630,Yes,Duncan,Germany
15567833.92,6679.52,No,1953.88,49,4.127463107,Male,No,687,Yes,Nieves,Germany
15565795.86,4436.4,No,2478.08,49,5.000240273,Male,Yes,704,Yes,Docherty,Germany
15580914.02,3335.03,No,1810.29,49,4.979816503,Male,Yes,769,No,Okechukwu,Germany
15581736.03,6570.35,No,2021.74,47,3.098076802,Male,No,796,Yes,Bartlett,Germany
15582518.91,6195.05,No,2144.74,47,3.877175629,Male,No,696,Yes,Seleznyov,Germany
15591046.86,4707.16,Yes,2611.71,47,5.124655835,Male,Yes,674,Yes,Ma,Germany
15586243.06,6318.61,Yes,2922.74,45,4.85333276,Male,Yes,797,No,Yobachi,Germany
15580251.86,6394.81,No,2180.71,44,2.970879928,Male,No,743,Yes,Waters,Germany
15573887.97,9155.93,No,4953.23,43,4.021671584,Male,Yes,687,Yes,Ponomaryov,Germany
15579526,8432.36,No,3978.44,43,2.987354285,Male,Yes,631,Yes,O'Meara,Germany
15573085.89,8046.6,Yes,2630.72,43,4.913210761,Male,No,685,Yes,Millar,Germany
15583138.09,7228.19,Yes,3636.66,42,4.071435315,Male,Yes,603,Yes,Persse,Germany
15576125.97,5272.08,No,2160.26,42,2.93383169,Male,No,608,Yes,Young,Germany
15577695.28,8130.45,No,4785.86,41,4.094071503,Male,Yes,696,Yes,Zito,Germany
15588536.97,7181.06,No,2374.29,41,5.055342827,Male,No,723,Yes,Robinson,Germany
15581036.05,6565.19,No,1230.11,41,5.076220697,Male,No,719,Yes,Beyer,Germany
15580147.95,6189.43,Yes,3234.17,41,3.982931668,Male,Yes,638,Yes,Welch,Germany
15579583.16,4477.12,No,1170.45,41,3.9262526,Male,No,455,No,Hall,Germany
15585768.07,3777.8,No,3018.99,41,4.04064009,Male,Yes,324,Yes,Cameron,Germany
15569641.2,2869.81,Yes,2503.65,41,3.040409318,Male,No,621,No,Sung,Germany
15568562.04,6482.7,Yes,3490.84,40,4.07375887,Male,Yes,673,Yes,Moss,Germany
15585100.09,6426.66,Yes,3627.67,40,4.959941994,Male,Yes,353,No,Rioux,Germany
15572407.94,7408.37,Yes,4074.48,39,5.296682593,Male,Yes,530,No,Chambers,Germany
15575243.08,6320.5,Yes,1787.95,39,5.056262488,Male,No,633,No,Gorbunova,Germany
15585864.89,5584.51,Yes,1845.17,39,4.992980547,Male,No,558,No,Westerberg,Germany
15570856.9,5548.8,Yes,2740.01,39,3.813661581,Male,Yes,531,No,Kambinachi,Germany
15579819.9,4810.08,No,2322.44,39,5.121285178,Male,Yes,669,No,Robertson,Germany
15567919.02,8039.61,No,2638.41,38,3.074553246,Male,No,766,Yes,Lazarev,Germany
15584776.08,7695.22,Yes,3288.18,38,3.116085969,Male,No,532,No,Shen,Germany
15580487.15,7305.67,Yes,2905.04,38,4.866584787,Male,No,735,Yes,Martin,Germany
15574879.06,7148.72,Yes,1912.46,38,3.927349607,Male,No,545,No,Wright,Germany
15567327.85,5592.48,No,2568.43,38,2.854938761,Male,No,747,No,Ch'en,Germany
15587066,4224.56,Yes,3325.86,38,5.070306129,Male,Yes,364,No,Kovaleva,Germany
15566138.99,7677.92,Yes,4579,37,3.015821766,Male,Yes,711,No,Ts'ui,Germany
15569682.09,7052.18,No,4224.57,37,2.926954949,Male,Yes,680,No,Leckie,Germany
15569430.01,7046.97,No,2001.79,37,4.010758559,Male,No,584,No,Burrows,Germany
15577699.87,6913.05,Yes,3685.22,37,3.951821484,Male,Yes,521,Yes,Rapuokwu,Germany
15588372.14,6184.96,Yes,2966.51,37,2.763650333,Male,Yes,796,No,Kirsova,Germany
15584784.96,5702.88,No,3916.43,37,4.094650268,Male,Yes,598,No,Ogochukwu,Germany
15566735.07,5450.84,Yes,2199.05,37,3.999259013,Male,Yes,329,Yes,Obialo,Germany
15588932.87,4578.25,No,1530.39,37,3.009976667,Male,No,510,Yes,Nwankwo,Germany
15573318.99,7143.32,No,1475.66,36,5.073451613,Male,No,758,No,Azubuike,Germany
15584579.98,6871.1,No,2614.34,36,4.976988123,Male,No,661,No,Fyodorova,Germany
15574607.86,6259.81,No,2687.33,36,3.003141277,Male,No,731,Yes,Sidorova,Germany
15587712.08,6146.21,No,3462.28,36,4.048975619,Male,Yes,633,No,Chimaijem,Germany
15574867.85,5611.85,No,1883.74,36,4.999920247,Male,No,320,Yes,Lowell,Germany
15589804.97,7755.32,Yes,3755.57,35,3.143038769,Male,Yes,775,Yes,Benson,Germany
15569626.12,6443.34,No,1025.12,35,3.006270505,Male,No,554,Yes,Miller,Germany
15571994.92,8133.17,No,2711.18,34,3.892224316,Male,No,737,No,Harper,Germany
15590622.99,7967.56,No,4588.74,34,2.855585266,Male,Yes,606,Yes,Kovalyov,Germany
15572428.07,7045.68,No,4873.86,34,3.972643116,Male,Yes,696,Yes,Rieke,Germany
15587581.02,6084.34,No,2433.44,34,4.953851957,Male,No,353,No,Russo,Germany
15566466.81,7245.72,No,1229.54,33,4.852734888,Male,No,607,No,Hannah,Germany
15591360.04,6567.61,No,4740.12,33,3.894041549,Male,Yes,637,No,Udinesi,Germany
15585387.99,7086.19,Yes,3723.87,32,4.073479003,Male,Yes,571,No,Sherman,Germany
15572360.06,5836.59,Yes,3455.51,31,3.952034112,Male,Yes,557,Yes,Clark,Germany
15575623.02,5401.24,No,1875.39,31,4.963525724,Male,No,459,Yes,Simpson,Germany
15570947.15,9081.63,No,5164.29,30,3.067249391,Male,Yes,660,No,Bruny,Germany
15574324.13,8418.87,No,4599.53,30,4.996161822,Male,Yes,752,No,Genovese,Germany
15579559.2,6899.8,No,3399.22,30,4.029056431,Male,Yes,600,No,Chienezie,Germany
15591248.16,5940.41,No,2670.73,30,5.064357747,Male,No,792,Yes,Chukwumaobim,Germany
15567436.89,5283.09,Yes,3186.77,30,3.095583954,Male,Yes,339,No,Emenike,Germany
15581322.97,4410.77,Yes,1196.82,29,5.091581009,Male,No,380,Yes,White,Germany
15585047.22,6820.48,Yes,3950.9,28,5.018115379,Male,Yes,507,Yes,Onyemere,Germany
15587265.96,6444.19,No,3600.12,27,5.090674464,Male,Yes,488,No,Douglas,Germany
15577018.07,5589.89,No,2796.21,26,4.065388496,Male,No,723,Yes,Tsao,Germany
15571939.93,5019.08,No,2218.82,23,4.042465314,Male,Yes,614,No,Afamefula,Germany
15577998.92,6375.94,Yes,2145.84,67,2.794466257,Male,No,306,No,Sleeman,Spain
15586673.81,3860.9,No,2688.25,64,1.97168739,Male,Yes,550,Yes,Shaw,Spain
15580844.97,7060.33,Yes,4360.89,63,2.070174167,Male,Yes,753,Yes,Chienezie,Spain
15569247.02,5726.07,No,4268.41,62,2.011256767,Male,Yes,535,Yes,Mitchell,Spain
15569249.04,4649.01,Yes,3280.12,61,0.987542753,Male,Yes,738,Yes,Howarth,Spain
15574368.96,5442.68,No,1422.96,58,2.120367317,Male,No,708,Yes,Bianchi,Spain
15570378.9,3996.1,Yes,0,57,0.922630695,Male,No,445,Yes,Whitelegge,Spain
15575145.98,3236.52,Yes,2132.34,56,1.006372924,Male,Yes,617,Yes,Jamieson,Spain
15590145.81,7062.22,No,2594.47,55,1.094929444,Male,No,539,Yes,Mao,Spain
15578044.92,6942.49,Yes,2820.9,55,1.852735751,Male,No,553,Yes,Mitchell,Spain
15583863.02,4377.36,No,1497.38,55,0.877758324,Male,No,620,No,Chimaobim,Spain
15576744.98,5524.61,Yes,1974.16,54,2.810311499,Male,No,619,Yes,Fyodorov,Spain
15591999.9,4919.37,Yes,4081.82,54,3.136229235,Male,Yes,439,No,Calabresi,Spain
15570601.05,6733.23,Yes,4317.34,53,2.056898524,Male,Yes,623,Yes,Cheng,Spain
15573455.92,7477.78,No,2567.48,52,1.998173899,Male,No,512,No,Cunningham,Spain
15572264.91,4424.09,No,1172.47,52,0.912604548,Male,No,355,Yes,Wu,Spain
15588859.07,5256.06,No,3705.56,49,3.00792008,Male,Yes,314,Yes,Rowley,Spain
15579130.08,6963.54,Yes,2594.81,48,1.073857853,Male,No,787,Yes,Chidiegwu,Spain
15567398.91,5635.11,Yes,3345.82,48,2.022400822,Male,Yes,318,No,Enderby,Spain
15588350.02,4613.14,Yes,2189.21,48,0.865373803,Male,Yes,576,Yes,McIntyre,Spain
15581892.96,3271.37,Yes,2076.57,48,0.985403675,Male,Yes,591,No,Ginikanwa,Spain
15566030.14,6861.13,Yes,2069.7,47,3.083893512,Male,No,540,No,Tu,Spain
15580682.05,6394.46,No,2796.5,46,3.193866669,Male,No,576,No,Tsai,Spain
15589738.98,6111.78,No,2483.95,46,1.072129677,Male,No,600,Yes,North,Spain
15567832,3872.09,No,2544.17,46,1.053000147,Male,Yes,331,Yes,Shih,Spain
15585379.05,6448.32,Yes,3350.8,45,0.915290272,Male,Yes,556,No,Humphries,Spain
15571958.08,4959.7,Yes,3715.84,45,3.039330053,Male,Yes,547,No,McIntosh,Spain
15580871.99,4785.91,Yes,1458.74,44,1.827955586,Male,No,606,No,Chinweike,Spain
15579074,4277.35,Yes,1249.78,44,1.981565488,Male,No,654,Yes,Obiajulu,Spain
15584320.02,3997.46,No,1181.62,44,1.934309872,Male,No,763,Yes,Brennan,Spain
15580202.89,3820.64,No,1182.09,44,2.963263707,Male,No,643,Yes,Kennedy,Spain
15573925.96,6084.7,Yes,4142.58,43,1.960264365,Male,Yes,720,No,Lung,Spain
15591711.02,5393.53,No,1936.54,43,3.104248397,Male,No,492,No,Sleeman,Spain
15569878.12,3100.7,Yes,863.34,43,3.005279904,Male,No,747,No,Dale,Spain
15591100.06,6602.42,No,1769.58,42,3.18522857,Male,No,715,No,Chiemela,Spain
15573798,6802.38,No,4820.97,41,1.905748432,Male,Yes,545,Yes,Yermolayev,Spain
15582796.98,6137.17,Yes,2484.81,41,0.850844405,Male,No,398,Yes,Ch'iu,Spain
15584091.04,5187.45,No,3466.8,41,1.966435703,Male,Yes,501,No,Pitts,Spain
15576516.93,6698.9,Yes,4120.21,40,1.948290517,Male,Yes,661,Yes,Everingham,Spain
15591576.93,5038.47,No,1690.01,40,3.103609194,Male,No,620,Yes,Moran,Spain
15590241.12,4545.32,No,1860.02,40,0.892575601,Male,Yes,352,No,Chuang,Spain
15572360.98,3792.33,Yes,862.86,40,0.95382246,Male,No,434,No,Chill,Spain
15569806.95,6521.86,No,4679.35,39,0.91556318,Male,Yes,444,Yes,Ejimofor,Spain
15574167.06,6288.87,Yes,3509.15,39,2.030947281,Male,Yes,471,Yes,Fox,Spain
15589019.1,5678.73,No,2125.58,39,2.841313735,Male,No,547,No,Morant,Spain
15572801.01,5253.82,Yes,3913.93,39,3.025064124,Male,Yes,669,Yes,Krischock,Spain
15569410,5137.81,No,1826.02,39,1.973032858,Male,No,455,Yes,Tang,Spain
15577984.9,4755.11,Yes,2645.37,39,1.366134192,Male,No,454,Yes,Chinomso,Spain
15580935.13,5209.57,Yes,1706.79,38,2.807539176,Male,No,575,Yes,Okechukwu,Spain
15581387.97,3041.85,Yes,-186.57,38,3.026615064,Male,No,673,No,Y?an,Spain
15586517.04,6219.05,No,1784.01,37,1.806165493,Male,No,532,No,Toscano,Spain
15570911.91,4487.11,No,1512.49,37,1.908751409,Male,No,548,Yes,Ogbonnaya,Spain
15583763.9,4443.72,No,1613.98,37,2.029110618,Male,No,512,Yes,Wilkes,Spain
15591932.05,4122.59,Yes,2026.85,37,1.068145459,Male,Yes,687,No,Ford,Spain
15579914.11,5748.52,Yes,2139.57,36,1.037705288,Male,No,644,Yes,Garcia,Spain
15586236.07,5215.6,No,1924.95,36,1.87279873,Male,No,616,No,Banks,Spain
15569669.87,4524.77,Yes,978.81,36,3.082628277,Male,No,618,No,Alexeyeva,Spain
15586310.26,6144.19,Yes,4161.38,35,2.007437341,Male,Yes,774,No,Ting,Spain
15584929.99,5832.28,Yes,1810.87,35,1.844556137,Male,No,662,Yes,Grimmett,Spain
15587572.92,4578.34,No,1988.1,33,1.992920107,Male,No,632,No,Castiglione,Spain
15589436.84,7248.25,No,4964.25,32,1.010864389,Male,Yes,582,Yes,Lu,Spain
15575147.16,7241.54,No,3907.93,27,2.998842383,Male,Yes,759,Yes,Wall,Spain
15566843.02,6146.61,Yes,1664.9,25,2.221246668,Male,No,743,Yes,Gotch,Spain
15574118.94,6608.45,Yes,4545.36,64,2.901272809,Female,Yes,644,No,Okwuadigbo,France
15585282.02,7007.15,No,1459.78,63,3.028438016,Female,No,716,No,Trevisano,France
15589572.21,7146.42,No,4972.83,62,3.057893737,Female,Yes,533,Yes,Otutodilichukwu,France
15582591.01,3583.89,Yes,2629.07,59,1.008195556,Female,Yes,453,Yes,Chiabuotu,France
15578834.94,8278.73,Yes,3082.21,50,1.850628331,Female,No,614,Yes,Brookes,France
15589869.06,7879.36,Yes,2846.62,50,3.090406566,Female,No,611,No,Tang,France
15566377.87,9355.17,No,0,48,2.961595393,Female,Yes,702,No,Tillman,France
15582891.73,8091.78,Yes,3376.31,47,2.963802636,Female,No,620,Yes,Scott,France
15586133.11,4172.8,Yes,2724.43,45,0.882563235,Female,Yes,501,No,Pisano,France
15571002.11,7158.61,Yes,4523.19,44,0.94629981,Female,Yes,702,No,Yusupov,France
15590177.03,7078.21,Yes,4318.43,44,1.865452898,Female,Yes,567,No,Chiedozie,France
15569098.01,5987.59,Yes,4111.62,44,1.172466243,Female,Yes,447,Yes,Winifred,France
15583212.07,5387.14,No,3075.41,44,3.015511368,Female,No,661,Yes,Chidozie,France
15574351.97,6248.04,Yes,4089.43,43,1.055773432,Female,Yes,356,Yes,Clogstoun,France
15581700.19,5973.7,No,4024.82,43,0.95842776,Female,Yes,467,Yes,Paterson,France
15566210.87,8657.92,Yes,3494.32,42,2.152443494,Female,No,756,Yes,Hsu,France
15570894.95,6821.55,No,3796.17,42,2.975825654,Female,Yes,638,No,Ch'in,France
15577770.78,7790.27,Yes,4837.22,41,2.114030599,Female,Yes,568,Yes,Akabueze,France
15589420.09,6864.21,No,5152.91,41,1.016485536,Female,Yes,562,No,Osinachi,France
15569764.12,4595.68,Yes,3894.97,41,0.848691993,Female,Yes,663,No,Garner,France
15576360.03,7162.98,Yes,2023.18,40,1.945480979,Female,No,692,Yes,Ch'iu,France
15572113.84,5276.96,Yes,1000,40,0.942797068,Female,No,533,No,Shih,France
15590011.1,5767.3,Yes,1782.71,38,0.884197896,Female,No,475,No,Hughes,France
15586039.04,6587,Yes,2641.07,37,3.028218553,Female,No,551,No,Bergamaschi,France
15576706.02,4457.02,No,3930.01,37,1.125194194,Female,Yes,729,No,Ajuluchukwu,France
15583735.99,6560.35,No,2105.38,36,2.042596756,Female,No,452,Yes,Shih,France
15568487.05,7280.07,Yes,5221.17,35,3.143426956,Female,Yes,636,No,Gorshkov,France
15577905.15,6862.44,Yes,3341.27,34,0.879816895,Female,No,497,No,Hammond,France
15568875.96,6391.8,Yes,3669.55,34,2.046501266,Female,No,354,Yes,Hughes,France
15583048.99,6114.15,Yes,3969.92,34,2.1258586,Female,Yes,577,Yes,Wallace,France
15581236.94,5898.3,No,3817.79,34,1.029846168,Female,Yes,479,Yes,Biryukova,France
15572182.12,5827.71,Yes,3489.69,34,0.98371641,Female,Yes,588,No,Onwuamaeze,France
15574584.08,5008.88,No,3888.83,34,1.093762497,Female,Yes,649,No,Fang,France
15583681.03,8202.71,No,3221.69,32,3.004269119,Female,No,782,Yes,Layh,France
15581229.02,5970.96,No,2935.2,32,2.164601622,Female,No,725,No,Gregory,France
15588559.94,5810.05,Yes,3495.82,32,0.962128832,Female,Yes,722,Yes,Nwabugwu,France
15569221.88,5416.5,No,4158.94,32,1.995946588,Female,Yes,428,No,Mendes,France
15574886.02,5268.23,No,3748.8,32,0.955931902,Female,Yes,462,Yes,Palerma,France
15571570.89,3869.03,Yes,1799.27,32,0.937671603,Female,No,442,No,Ting,France
15587012.97,5408.43,No,1766.13,31,0.901690668,Female,No,379,Yes,Tien,France
15571585.93,5837.82,No,3566.88,30,0.801642599,Female,Yes,678,No,Briggs,France
15581331.87,5816.17,No,2779.39,30,3.076029036,Female,No,374,Yes,Pan,France
15584363.03,5479.2,No,1813.75,30,1.92695698,Female,No,515,No,Longstaff,France
15574142.04,7753.71,Yes,5445.58,29,1.087894979,Female,Yes,557,Yes,Chuang,France
15587561.94,6889.79,No,4698.78,29,3.038682349,Female,Yes,718,Yes,Hawkins,France
15575002.07,6685.18,Yes,3456.69,29,2.948297985,Female,Yes,703,No,Ferguson,France
15583303.09,5699.59,No,4454.89,29,2.051693092,Female,Yes,464,Yes,Monaldo,France
15581252.05,4988.82,Yes,3331.58,29,2.98462378,Female,Yes,349,Yes,Dolgorukova,France
15583461.94,6706.19,No,3727.92,28,0.996347019,Female,Yes,540,No,Graham,France
15571280.87,6605.19,No,5564.33,28,2.996438121,Female,Yes,721,Yes,Ts'ao,France
15568833.95,6622.34,No,2873.95,27,0.846057109,Female,No,699,Yes,Howells,France
15585427.02,5395.47,Yes,3449.78,26,3.046341308,Female,Yes,301,No,Madueke,France
15575679.09,7497.12,Yes,4062.24,25,1.925074231,Female,Yes,517,No,Lori,France
15569394.16,6483.77,Yes,4462.42,25,2.021742471,Female,Yes,746,Yes,Bailey,France
15588621.92,6028.36,No,1572.53,25,2.97961525,Female,No,734,Yes,Marchesi,France
15582951,5353.15,No,2768,25,3.017615157,Female,No,525,Yes,Crawford,France
15574296.11,4849.91,No,2885,24,3.046056156,Female,Yes,746,Yes,Kambinachi,France
15574071.03,7042.08,Yes,2574.99,23,1.902883505,Female,No,751,No,Muravyova,France
15581548.13,6498.62,Yes,4359.23,22,3.063272695,Female,Yes,582,No,Kaodilinakachukwu,France
15579892.03,6780.92,Yes,3369.59,20,3.029311175,Female,No,669,Yes,Doyle,France
15589229.97,7567.01,Yes,3053.33,63,3.102671689,Female,Yes,575,No,Wu,Germany
15573045.07,5785.99,Yes,2408.9,62,4.140704591,Female,No,614,No,Earl,Germany
15588450.12,7637.85,No,4082.56,60,3.218758416,Female,Yes,506,Yes,Chukwudi,Germany
15574067.91,8641.85,No,4457.76,56,5.070301063,Female,Yes,675,Yes,Norman,Germany
15589487.92,6367.91,Yes,0,56,4.057773586,Female,Yes,776,No,Ch'eng,Germany
15589017.05,8068.89,No,2548.42,55,4.034364835,Female,No,727,Yes,Chiu,Germany
15582325.11,7948.49,No,2762.8,53,4.937932505,Female,No,722,Yes,Jennings,Germany
15566739.92,7254.95,Yes,1685.34,52,5.06202925,Female,No,784,Yes,Nazarova,Germany
15573242.21,7995.27,No,4348.06,51,4.812345379,Female,Yes,733,No,Greene,Germany
15571121.09,7045.64,Yes,4624.5,51,3.059020778,Female,Yes,534,No,Kodilinyechukwu,Germany
15588090.05,4125.26,Yes,2825.67,51,3.87271767,Female,Yes,646,No,Ferri,Germany
15569274.06,6647.42,No,1152.11,49,3.894675175,Female,No,523,No,Pisano,Germany
15571529.1,6685.51,Yes,3105.2,48,3.164445087,Female,Yes,651,No,Kirby,Germany
15581440.07,6650.55,Yes,2583.53,48,4.958923056,Female,No,518,Yes,Christie,Germany
15572546.96,6223.63,Yes,3992.74,46,4.950218425,Female,Yes,532,No,Vaguine,Germany
15583456.16,7157.92,Yes,4349.35,45,3.021777778,Female,Yes,797,Yes,Gardiner,Germany
15566253.09,6673.3,Yes,2266.59,44,3.217145018,Female,No,530,No,Manning,Germany
15577273.99,6261.18,No,3738.79,44,2.962125561,Female,Yes,504,No,Genovese,Germany
15583551.92,4879.6,No,3433.64,44,4.914743343,Female,Yes,451,No,Donaldson,Germany
15590327.09,9203.09,Yes,2381.21,43,5.161564776,Female,No,778,Yes,Liao,Germany
15571192.95,5721.42,Yes,1236.51,43,3.051720978,Female,No,411,Yes,Morrison,Germany
15585249.04,5566.77,Yes,881.18,43,4.948120469,Female,No,609,No,Mironova,Germany
15590828.06,9741.2,No,3015.87,42,3.007298883,Female,No,753,Yes,Chidimma,Germany
15573452.01,7009.02,Yes,3925.04,42,4.908261921,Female,Yes,760,Yes,Manning,Germany
15586879.91,5839.9,Yes,3720.89,42,3.130740412,Female,Yes,762,No,P'eng,Germany
15568359.92,8899.07,Yes,4305.92,41,5.116337641,Female,Yes,640,Yes,Rolon,Germany
15578809,7734.84,No,4020.71,41,5.000668092,Female,Yes,632,No,Hao,Germany
15575759.17,6855.35,Yes,4051.18,41,5.262010257,Female,Yes,505,Yes,Bentley,Germany
15589296.05,6096.03,Yes,2020.24,41,2.924123757,Female,No,705,No,Brown,Germany
15582334.9,4111.31,Yes,1349.33,41,3.209958535,Female,No,621,No,Brown,Germany
15567629.92,6774.86,Yes,2060.82,40,3.007461266,Female,No,586,No,Bruce,Germany
15588670.03,5040.33,Yes,1150.83,40,3.870976904,Female,No,726,No,Despeissis,Germany
15589195.01,7800.25,No,2791.18,39,2.882773076,Female,No,629,No,Bluett,Germany
15566893.9,7300.9,Yes,3950.69,39,5.02064878,Female,Yes,571,Yes,Gray,Germany
15587735.04,6366.36,Yes,4207.58,39,3.061282403,Female,Yes,406,Yes,Chukwuebuka,Germany
15567445.89,6173.62,Yes,3776.26,39,4.07504146,Female,Yes,592,No,Coffman,Germany
15587393.93,5791.04,No,2739.95,39,4.967190301,Female,Yes,573,No,Thomson,Germany
15568914.96,8144.99,No,4243.59,38,4.848833528,Female,Yes,621,Yes,Bailey,Germany
15570051.17,6091.22,No,1835.23,38,4.082347304,Female,No,540,Yes,Gill,Germany
15588580.12,5339.12,No,2022.87,37,3.962684763,Female,No,556,Yes,Kennedy,Germany
15583692.16,8135.99,No,3829.48,36,4.300120139,Female,No,615,No,Chan,Germany
15572792.07,7996.14,No,3794.29,36,5.223560757,Female,Yes,515,Yes,Bellucci,Germany
15585284.08,6959.39,Yes,3085.56,36,4.032798051,Female,No,598,No,Thomson,Germany
15573348.01,6933.41,No,2211.42,36,3.989326163,Female,No,614,No,Maclean,Germany
15590213.14,6406.09,No,3873.05,36,4.092071049,Female,Yes,747,No,Ch'en,Germany
15588587.17,5926.42,No,3172.3,36,2.914720685,Female,Yes,452,No,Stetson,Germany
15589496.07,6942.09,Yes,3015.88,35,5.01435524,Female,Yes,733,No,Arrington,Germany
15590676.01,6271.76,No,2207.9,35,5.056400128,Female,No,352,Yes,Kharlamova,Germany
15568903.86,5811.95,Yes,2688.43,35,2.690028509,Female,No,384,No,Kruglova,Germany
15581524.8,7349.63,Yes,3579.33,34,5.130809685,Female,Yes,720,No,Walker,Germany
15569446.04,6924.91,Yes,3465.49,34,4.120477274,Female,Yes,754,Yes,Tu,Germany
15574121.84,6696.85,Yes,2757.19,34,3.211625195,Female,Yes,664,No,Tien,Germany
15580701.08,6521.74,Yes,2118.55,34,4.025863629,Female,No,749,Yes,Ma,Germany
15566380.05,5479.65,Yes,1341.5,34,4.950990189,Female,No,581,Yes,Drury,Germany
15574168.97,7390.63,Yes,2297.92,33,3.968923782,Female,No,694,No,Trevisano,Germany
15571283.85,6792.61,No,3467.93,33,2.987941066,Female,Yes,469,Yes,Elmore,Germany
15584927.86,6491.52,No,1891.77,33,4.078305224,Female,No,499,Yes,Ugochukwutubelum,Germany
15576161.73,5455.96,No,2535.97,33,5.231652889,Female,Yes,563,Yes,King,Germany
15577913.03,7355.17,Yes,2840.81,32,3.969422581,Female,No,643,Yes,Oliver,Germany
15580628.98,7321.96,No,3533.11,31,2.894945821,Female,Yes,784,Yes,Blackwood,Germany
15586173.98,7073.79,Yes,2453.13,31,5.048602443,Female,No,664,Yes,Brodney,Germany
15566563,6426.98,No,2185.14,31,4.126969271,Female,No,696,Yes,Duigan,Germany
15571666.14,6161.42,Yes,2265.94,31,4.032092119,Female,No,635,Yes,Shaw,Germany
15578670.98,6698.36,No,2874.73,29,5.027160638,Female,Yes,644,No,Webb,Germany
15590336.82,6547.97,Yes,4074.88,29,3.21701346,Female,Yes,393,Yes,Golubov,Germany
15567993.1,5889.05,Yes,3716.19,28,4.083180329,Female,Yes,310,Yes,Palmer,Germany
15591969.02,6006.81,Yes,2220.48,27,3.9443245,Female,No,577,Yes,Kuo,Germany
15588449.03,5900.7,No,1693.9,27,3.904174929,Female,No,384,No,Chuang,Germany
15573893.15,8381.72,Yes,3177.51,25,4.096653495,Female,No,610,Yes,Barry,Germany
15572093.01,6371.8,No,4310.36,25,3.952500233,Female,Yes,748,No,Han,Germany
15584229.05,8749.93,No,2891.73,23,4.987515937,Female,No,788,No,Simon,Germany
15580042.89,5365.97,No,1363.15,22,2.970219967,Female,No,655,No,Murray,Germany
15572355.92,3033.09,Yes,1574.95,79,1.899051757,Female,No,698,No,Tsai,Spain
15570768.95,3395.29,No,1521,75,2.02237546,Female,No,650,No,Kibble,Spain
15567430.96,6029.52,Yes,2889.16,69,2.222835078,Female,No,479,No,Kodilinyechukwu,Spain
15570002.01,5456.9,No,2343.09,60,1.948702002,Female,No,638,No,Burlingame,Spain
15580366.06,3748.35,No,2607.77,60,1.03858471,Female,Yes,499,No,Okechukwu,Spain
15584112.98,3698.1,Yes,1572.42,59,1.011979628,Female,No,385,Yes,Pratt,Spain
15585579.82,3730.21,Yes,1367.86,57,1.929870695,Female,No,452,Yes,Chang,Spain
15584364.1,5693.59,No,2354.05,54,2.063901724,Female,No,689,Yes,Trentini,Spain
15567859.78,7055.29,Yes,4141.34,50,0.813139982,Female,Yes,608,Yes,Burrows,Spain
15582115.87,4141.12,No,2446.85,50,0.900920604,Female,Yes,800,Yes,Ma,Spain
15568087.96,4010.4,Yes,933.41,50,2.90831136,Female,No,650,Yes,Jamieson,Spain
15575693.96,3334.58,Yes,1765.46,50,3.162935024,Female,Yes,430,Yes,Yobachukwu,Spain
15579566.03,5620.38,Yes,2997.39,49,1.905555131,Female,Yes,796,No,Li Fonti,Spain
15576935.12,5280.5,Yes,1696.41,49,0.980220032,Female,No,728,No,Ampt,Spain
15575399.04,5355.46,No,2410.16,48,3.112928347,Female,No,750,Yes,Somadina,Spain
15583856.97,5127.69,No,2978.23,48,1.909864051,Female,Yes,710,No,Siciliano,Spain
15591433.09,4476.39,No,2542.43,48,2.887936271,Female,No,741,Yes,Miles,Spain
15583075.77,4352.47,No,1222.19,47,2.796672564,Female,No,613,No,Deleon,Spain
15572291.09,5881.51,Yes,2366.64,46,1.077908658,Female,No,491,Yes,Kao,Spain
15575999.85,3219.9,Yes,3287.52,46,2.129829256,Female,Yes,508,Yes,Chibueze,Spain
15583393.92,6544.62,Yes,2229.45,45,0.851133595,Female,No,667,Yes,Zuyev,Spain
15569525.99,6182.4,No,2763.6,45,2.939220402,Female,Yes,333,Yes,Morales,Spain
15567506,5469.97,No,4141.79,45,0.998739736,Female,Yes,398,No,Cheatham,Spain
15570191.89,5167.14,No,1652.97,45,0.960323881,Female,No,442,No,Henry,Spain
15584748.86,4228.33,No,3164.06,45,2.156410897,Female,Yes,598,Yes,Humphries,Spain
15578435,3267.01,Yes,1876.98,45,1.870414061,Female,Yes,565,Yes,Langlands,Spain
15579807.92,6302.07,Yes,4653.81,44,3.098351235,Female,Yes,761,No,Kramer,Spain
15581369.98,5202.28,No,1514.41,44,2.122287176,Female,No,772,No,Andreyeva,Spain
15566958.18,4446.66,Yes,2936.05,44,1.952958823,Female,Yes,502,Yes,Li Fonti,Spain
15575416.78,5476.16,Yes,1384.31,43,2.955542695,Female,No,636,Yes,Chou,Spain
15591279.19,5389.02,No,2288.36,43,3.123347661,Female,No,556,No,Nwagugheuzo,Spain
15591135.13,5233.23,Yes,3249.58,43,2.868489247,Female,Yes,340,No,Forster,Spain
15568120,7103.94,No,4158.28,42,3.076312787,Female,Yes,682,Yes,Lacross,Spain
15590993.11,6438.73,Yes,2761.72,42,0.981286718,Female,No,378,Yes,Findlay,Spain
15577513.85,5809.14,Yes,3889.45,42,1.92106321,Female,Yes,464,Yes,Mai,Spain
15589347.85,5368.08,Yes,1964.71,42,2.921644441,Female,No,325,Yes,Le Grand,Spain
15587177.06,5212.95,No,2597.34,42,2.010162035,Female,Yes,622,No,Lloyd,Spain
15572727.84,5054.83,No,3667.14,41,2.095345555,Female,Yes,559,Yes,Ross,Spain
15583066.99,4985.27,Yes,1646.32,41,1.99982566,Female,No,685,No,McMillan,Spain
15583580.05,3146.57,No,1435.35,41,1.083760874,Female,No,749,Yes,Chiawuotu,Spain
15589257.1,6180.31,Yes,4049.75,40,2.068704874,Female,Yes,528,Yes,Grant,Spain
15582275.97,5167.58,Yes,4155.9,39,0.904205254,Female,Yes,515,No,Greco,Spain
15585450.96,6450.7,Yes,2245.12,38,2.929321043,Female,No,674,No,Vigano,Spain
15586756.97,5722.81,Yes,3647.54,38,2.041280383,Female,Yes,365,Yes,Anenechukwu,Spain
15568848.98,5865.89,Yes,3824.31,37,1.783835952,Female,Yes,577,Yes,Bryan,Spain
15584896.95,6253.42,Yes,4719.27,36,1.970002095,Female,Yes,738,Yes,Kuo,Spain
15579223.02,5445.27,Yes,2508.55,36,1.081110761,Female,Yes,303,No,Niu,Spain
15588854.02,4742.84,Yes,1813.12,36,1.123004607,Female,No,501,Yes,Wu,Spain
15575408.95,4211.21,Yes,3162.95,36,2.072554473,Female,Yes,677,Yes,Rozhkova,Spain
15592091.06,3863.77,No,2510.64,36,2.978892234,Female,Yes,754,No,Belbin,Spain
15579781.01,2522.3,No,2251.26,36,3.040790534,Female,Yes,515,No,Buccho,Spain
15581811.15,3676.43,No,2425.83,35,0.95670625,Female,Yes,483,Yes,Chukwubuikem,Spain
15586068.81,3505.73,No,3253.5,35,1.84258933,Female,Yes,410,Yes,Abernathy,Spain
15573112.08,5548.62,Yes,2071.15,34,2.916490151,Female,No,585,Yes,Kang,Spain
15572173.99,3308.02,No,2537.42,34,0.912641303,Female,Yes,457,No,Mazzi,Spain
15592077.81,5017.94,Yes,554.69,32,1.922001872,Female,No,432,No,Davide,Spain
15578095.9,5060.38,Yes,1518.23,31,2.88940755,Female,No,365,No,Nnachetam,Spain
15591766.02,3900.21,Yes,2426.86,31,2.920441567,Female,Yes,498,No,Crawford,Spain
15576989.89,4682.92,No,3902.6,30,2.954789071,Female,Yes,310,No,Taplin,Spain
15591607.01,4240.65,No,699.44,30,1.067921456,Female,No,716,Yes,Fernie,Spain
